{
  "configVersion": 1,
  "timestamp": 1596087239443,
  "index": "/asm/index.html",
  "assetGroups": [
    {
      "name": "app",
      "installMode": "prefetch",
      "updateMode": "prefetch",
      "urls": [
        "/asm/10-es2015.8ebb1ec095fdb1172597.js",
        "/asm/10-es5.8ebb1ec095fdb1172597.js",
        "/asm/11-es2015.4ea32233c5013c453c29.js",
        "/asm/11-es5.4ea32233c5013c453c29.js",
        "/asm/12-es2015.5fddca8b7f6a89e70c55.js",
        "/asm/12-es5.5fddca8b7f6a89e70c55.js",
        "/asm/13-es2015.e6eaa44183b84bcb14d5.js",
        "/asm/13-es5.e6eaa44183b84bcb14d5.js",
        "/asm/14-es2015.40f97c65cf0e4a13ce9c.js",
        "/asm/14-es5.40f97c65cf0e4a13ce9c.js",
        "/asm/15-es2015.f903f8145cc0f557acaa.js",
        "/asm/15-es5.f903f8145cc0f557acaa.js",
        "/asm/16-es2015.902da71b7450a89ee9ab.js",
        "/asm/16-es5.902da71b7450a89ee9ab.js",
        "/asm/17-es2015.67f1ab875f5a1fd03f98.js",
        "/asm/17-es5.67f1ab875f5a1fd03f98.js",
        "/asm/18-es2015.89985a6ef205471feab4.js",
        "/asm/18-es5.89985a6ef205471feab4.js",
        "/asm/19-es2015.316fdc1fc73af7d607f8.js",
        "/asm/19-es5.316fdc1fc73af7d607f8.js",
        "/asm/2-es2015.694bac09bd05b9392b64.js",
        "/asm/2-es5.694bac09bd05b9392b64.js",
        "/asm/20-es2015.293595fab908607654da.js",
        "/asm/20-es5.293595fab908607654da.js",
        "/asm/21-es2015.48ec36fd9bddaba42292.js",
        "/asm/21-es5.48ec36fd9bddaba42292.js",
        "/asm/22-es2015.5ac6c3a8861528619f93.js",
        "/asm/22-es5.5ac6c3a8861528619f93.js",
        "/asm/23-es2015.5e3dc2205b704acafc79.js",
        "/asm/23-es5.5e3dc2205b704acafc79.js",
        "/asm/24-es2015.ef11dc4e755cb1872de7.js",
        "/asm/24-es5.ef11dc4e755cb1872de7.js",
        "/asm/25-es2015.2f8049877a3ce3402761.js",
        "/asm/25-es5.2f8049877a3ce3402761.js",
        "/asm/26-es2015.b50411199dd388896c89.js",
        "/asm/26-es5.b50411199dd388896c89.js",
        "/asm/27-es2015.811d66b0b37b5813221b.js",
        "/asm/27-es5.811d66b0b37b5813221b.js",
        "/asm/28-es2015.bcca6564b60ee765d2d0.js",
        "/asm/28-es5.bcca6564b60ee765d2d0.js",
        "/asm/29-es2015.791968e280e80219dea2.js",
        "/asm/29-es5.791968e280e80219dea2.js",
        "/asm/30-es2015.5b403b75399eb684250e.js",
        "/asm/30-es5.5b403b75399eb684250e.js",
        "/asm/31-es2015.ed30c2cabdcb8b6b41e7.js",
        "/asm/31-es5.ed30c2cabdcb8b6b41e7.js",
        "/asm/32-es2015.88c59e497e3fcaf321c1.js",
        "/asm/32-es5.88c59e497e3fcaf321c1.js",
        "/asm/33-es2015.c1a21c0964657856a5e5.js",
        "/asm/33-es5.c1a21c0964657856a5e5.js",
        "/asm/34-es2015.494ac11866bb0a6d2f7c.js",
        "/asm/34-es5.494ac11866bb0a6d2f7c.js",
        "/asm/35-es2015.08e8f2f190342f085cb5.js",
        "/asm/35-es5.08e8f2f190342f085cb5.js",
        "/asm/36-es2015.334f6b991e247d1855be.js",
        "/asm/36-es5.334f6b991e247d1855be.js",
        "/asm/37-es2015.ea3ec9bded92ca0aca9e.js",
        "/asm/37-es5.ea3ec9bded92ca0aca9e.js",
        "/asm/38-es2015.6e429ebcb4f4ebfc22c0.js",
        "/asm/38-es5.6e429ebcb4f4ebfc22c0.js",
        "/asm/39-es2015.7a912aa2218326ef00d4.js",
        "/asm/39-es5.7a912aa2218326ef00d4.js",
        "/asm/40-es2015.3178b67226fdf786f205.js",
        "/asm/40-es5.3178b67226fdf786f205.js",
        "/asm/41-es2015.3ba16c48792a3afbffcb.js",
        "/asm/41-es5.3ba16c48792a3afbffcb.js",
        "/asm/42-es2015.29de54afc39f49e7f33a.js",
        "/asm/42-es5.29de54afc39f49e7f33a.js",
        "/asm/43-es2015.c8dfc05ba4c60e71bde6.js",
        "/asm/43-es5.c8dfc05ba4c60e71bde6.js",
        "/asm/44-es2015.d91356d2022c5b2735ba.js",
        "/asm/44-es5.d91356d2022c5b2735ba.js",
        "/asm/45-es2015.45a3f0ab35f2df638aa7.js",
        "/asm/45-es5.45a3f0ab35f2df638aa7.js",
        "/asm/46-es2015.10ee5bac71d89e02a5b0.js",
        "/asm/46-es5.10ee5bac71d89e02a5b0.js",
        "/asm/47-es2015.fbd1a9423bb2361cd476.js",
        "/asm/47-es5.fbd1a9423bb2361cd476.js",
        "/asm/48-es2015.705bceeebc389e810c97.js",
        "/asm/48-es5.705bceeebc389e810c97.js",
        "/asm/49-es2015.c7c5b3b259bbb464cf1e.js",
        "/asm/49-es5.c7c5b3b259bbb464cf1e.js",
        "/asm/50-es2015.8fd4d960eee44edafbeb.js",
        "/asm/50-es5.8fd4d960eee44edafbeb.js",
        "/asm/51-es2015.7b6210f8f0d8a16d373f.js",
        "/asm/51-es5.7b6210f8f0d8a16d373f.js",
        "/asm/52-es2015.79d7bf4cf7e8c6f6e31b.js",
        "/asm/52-es5.79d7bf4cf7e8c6f6e31b.js",
        "/asm/53-es2015.863d631ada627923b8c3.js",
        "/asm/53-es5.863d631ada627923b8c3.js",
        "/asm/54-es2015.cd43636ac66a7c1a4e13.js",
        "/asm/54-es5.cd43636ac66a7c1a4e13.js",
        "/asm/55-es2015.827c2c036ceaab7abad8.js",
        "/asm/55-es5.827c2c036ceaab7abad8.js",
        "/asm/56-es2015.5aff141e87a0ea2d54f7.js",
        "/asm/56-es5.5aff141e87a0ea2d54f7.js",
        "/asm/57-es2015.580e3b7a950f9f86f21c.js",
        "/asm/57-es5.580e3b7a950f9f86f21c.js",
        "/asm/58-es2015.06e4594de7aa07e899ff.js",
        "/asm/58-es5.06e4594de7aa07e899ff.js",
        "/asm/59-es2015.3cff69ac2539d5b942e2.js",
        "/asm/59-es5.3cff69ac2539d5b942e2.js",
        "/asm/60-es2015.25edad4be9cf94d639e4.js",
        "/asm/60-es5.25edad4be9cf94d639e4.js",
        "/asm/common-es2015.f63ff16195aa00d9f862.js",
        "/asm/common-es5.f63ff16195aa00d9f862.js",
        "/asm/index.html",
        "/asm/main-es2015.92ad0275aaeb8ee12a0c.js",
        "/asm/main-es5.92ad0275aaeb8ee12a0c.js",
        "/asm/manifest.webmanifest",
        "/asm/polyfills-core-js-es2015.57ca9964362540a3e353.js",
        "/asm/polyfills-core-js-es5.57ca9964362540a3e353.js",
        "/asm/polyfills-css-shim-es2015.da29d60f3949e5bb5d8a.js",
        "/asm/polyfills-css-shim-es5.da29d60f3949e5bb5d8a.js",
        "/asm/polyfills-dom-es2015.657d29c8769393eee942.js",
        "/asm/polyfills-dom-es5.657d29c8769393eee942.js",
        "/asm/polyfills-es2015.478e30a3dd1dcad3a42f.js",
        "/asm/polyfills-es5.fb242a78ce1318390cbc.js",
        "/asm/runtime-es2015.f5d8f90e233ec76b0112.js",
        "/asm/runtime-es5.f5d8f90e233ec76b0112.js",
        "/asm/styles.be2091a233fd6b3fa912.css"
      ],
      "patterns": []
    },
    {
      "name": "assets",
      "installMode": "lazy",
      "updateMode": "prefetch",
      "urls": [
        "/asm/assets/icon/favicon.png",
        "/asm/assets/icons/a.png",
        "/asm/assets/icons/b.png",
        "/asm/assets/icons/h.png",
        "/asm/assets/icons/icon-128x128.png",
        "/asm/assets/icons/icon-144x144.png",
        "/asm/assets/icons/icon-152x152.png",
        "/asm/assets/icons/icon-192x192.png",
        "/asm/assets/icons/icon-384x384.png",
        "/asm/assets/icons/icon-512x512.png",
        "/asm/assets/icons/icon-72x72.png",
        "/asm/assets/icons/icon-96x96.png",
        "/asm/assets/icons/l.png",
        "/asm/assets/shapes.svg"
      ],
      "patterns": []
    }
  ],
  "dataGroups": [],
  "hashTable": {
    "/asm/10-es2015.8ebb1ec095fdb1172597.js": "b8433f0cced90bf1cc562a1af10baad18a38cfc4",
    "/asm/10-es5.8ebb1ec095fdb1172597.js": "d82682e86da19626c239c01cfe8ebec807119169",
    "/asm/11-es2015.4ea32233c5013c453c29.js": "dd5e9b8c3fc4c98562c5435cbf845c5597ec2420",
    "/asm/11-es5.4ea32233c5013c453c29.js": "8434da1385875cdd22f6ed48912b103947d51d7e",
    "/asm/12-es2015.5fddca8b7f6a89e70c55.js": "6cdf293e1aa9b168b8bd9e55115deaff334d00a8",
    "/asm/12-es5.5fddca8b7f6a89e70c55.js": "3a711ff0405d9f2c9925c4a786b975654efb1ffa",
    "/asm/13-es2015.e6eaa44183b84bcb14d5.js": "0103ad047147d3649718da7b4f274c7b3ce6e1d5",
    "/asm/13-es5.e6eaa44183b84bcb14d5.js": "4a052c73d2a270d3c7fe36b1c9562bd6b8f9787b",
    "/asm/14-es2015.40f97c65cf0e4a13ce9c.js": "47044b71aba55b061ad30c200604fc16235a4a9d",
    "/asm/14-es5.40f97c65cf0e4a13ce9c.js": "4e8fe3279489680f93ce398532427df52bfef7ba",
    "/asm/15-es2015.f903f8145cc0f557acaa.js": "46be70ad06bc52b5d05dd5f944e84f36737f24ef",
    "/asm/15-es5.f903f8145cc0f557acaa.js": "daa40f1c72137e86f9991d3f7831bc611a41ae0a",
    "/asm/16-es2015.902da71b7450a89ee9ab.js": "00058585c36cd85b7a4a1e851c7aa2c1e3022a84",
    "/asm/16-es5.902da71b7450a89ee9ab.js": "2092e6171a7e04f5f30ab81fe9208e70c03fa3e6",
    "/asm/17-es2015.67f1ab875f5a1fd03f98.js": "86f711b93f153de198ae4c580554b8510ea4fda3",
    "/asm/17-es5.67f1ab875f5a1fd03f98.js": "7332bfbf1050073d99ee02a069c9426bdf6c541c",
    "/asm/18-es2015.89985a6ef205471feab4.js": "dbf760a65e33fc7e009dfab5adaaf0b6ca11228c",
    "/asm/18-es5.89985a6ef205471feab4.js": "c9cd290655d8552c21f7434b1a66c0f6cac9a014",
    "/asm/19-es2015.316fdc1fc73af7d607f8.js": "d97c4ca554c2991c576e549efa1ce15a1aef4a59",
    "/asm/19-es5.316fdc1fc73af7d607f8.js": "b1379128882a5fc645e5d2ac78c969487de1bb00",
    "/asm/2-es2015.694bac09bd05b9392b64.js": "1410b96c14c43cc7fbda9f9fad0221045deb648a",
    "/asm/2-es5.694bac09bd05b9392b64.js": "c4d787f012b074c55e2a615afb56183ed09e4792",
    "/asm/20-es2015.293595fab908607654da.js": "fcff22b026ca9ab97f49ea200ba743e8ea14ef74",
    "/asm/20-es5.293595fab908607654da.js": "1bb132ef35bce82526d16257ebabeea7d1cd76d8",
    "/asm/21-es2015.48ec36fd9bddaba42292.js": "5177868616bafe752405df88137447460607027f",
    "/asm/21-es5.48ec36fd9bddaba42292.js": "dc8b0501957a51f8869435a1169c6a1cd86a5d63",
    "/asm/22-es2015.5ac6c3a8861528619f93.js": "36ef171549d38284c58533fe3a4fb314491b483f",
    "/asm/22-es5.5ac6c3a8861528619f93.js": "136658765b5516685bd1b7ff1b3e9d853ef8d09a",
    "/asm/23-es2015.5e3dc2205b704acafc79.js": "c11802c8af18cc3fb8e7f37dc6578fda82060120",
    "/asm/23-es5.5e3dc2205b704acafc79.js": "5056703bed881899f52e76ac7d9ee75d0f9c74bf",
    "/asm/24-es2015.ef11dc4e755cb1872de7.js": "c2a4ab50ef6390dcced48c5f6f1992d4c3112ec2",
    "/asm/24-es5.ef11dc4e755cb1872de7.js": "9665cccaf73c3b79b5a825bda9285429e31dab77",
    "/asm/25-es2015.2f8049877a3ce3402761.js": "bd09627c5f899fb33598cc6d59f5180c73960d70",
    "/asm/25-es5.2f8049877a3ce3402761.js": "1a185a759c8af01182cf79d5b5adaf5636d46aaf",
    "/asm/26-es2015.b50411199dd388896c89.js": "d8622fd368557da7496b3f86faa071ffa4cbab4e",
    "/asm/26-es5.b50411199dd388896c89.js": "74adcb364aabb748f7c920e6c45dea8ed9ecd819",
    "/asm/27-es2015.811d66b0b37b5813221b.js": "3fae8c1f62b22e977d9c400a89dc241ee97b2d54",
    "/asm/27-es5.811d66b0b37b5813221b.js": "46934c9db7799a7de51ffb4ea119363df08ed74d",
    "/asm/28-es2015.bcca6564b60ee765d2d0.js": "a9629a6386c120f26e33386646d52ab072d575de",
    "/asm/28-es5.bcca6564b60ee765d2d0.js": "849f84f574a7d07025b1201bb3d88aa7eaefd6e1",
    "/asm/29-es2015.791968e280e80219dea2.js": "1553dc0c335aae4ec9d59ab76ae8fbb0a9125ce7",
    "/asm/29-es5.791968e280e80219dea2.js": "3b8651a2216791b731887cdebcce00bb07245bae",
    "/asm/30-es2015.5b403b75399eb684250e.js": "df341f2b53c90dd44666bb5f9469812f18db90fb",
    "/asm/30-es5.5b403b75399eb684250e.js": "2f502ac4574b7f89f2195c665b2954cd02e44bd5",
    "/asm/31-es2015.ed30c2cabdcb8b6b41e7.js": "f0bf23425c99555d40c1b1cbd09aec376a2f4d07",
    "/asm/31-es5.ed30c2cabdcb8b6b41e7.js": "c39c06359f17502f2d6f4db9ac79636feeca8176",
    "/asm/32-es2015.88c59e497e3fcaf321c1.js": "75d10c9fe35929c79e4ccce3f9cdf43c940e44c1",
    "/asm/32-es5.88c59e497e3fcaf321c1.js": "dfcf2966e1e1acac66ce0ec94b0857c05a26ed36",
    "/asm/33-es2015.c1a21c0964657856a5e5.js": "1be57f2a9e22357aa4de743184ef06f8a46bab0b",
    "/asm/33-es5.c1a21c0964657856a5e5.js": "0f74b9ff7246d9ff09c93dd3a3ec36731a937832",
    "/asm/34-es2015.494ac11866bb0a6d2f7c.js": "d5b65ed8abe7e8a9d56e5c12b638da0d6d1f4987",
    "/asm/34-es5.494ac11866bb0a6d2f7c.js": "ace41a9a6cc3b10ab40a523ead981b83fd3e742e",
    "/asm/35-es2015.08e8f2f190342f085cb5.js": "bd9da4fae860ad2b1968ef65c279a48d53930a15",
    "/asm/35-es5.08e8f2f190342f085cb5.js": "be02c3e5dec424234130aadb83e0000790c0b94a",
    "/asm/36-es2015.334f6b991e247d1855be.js": "d7d4e82f345e02a6d35ec3eac14a10f0b9e09081",
    "/asm/36-es5.334f6b991e247d1855be.js": "60ad700c3ed2c51ea43cc2e7ea373c7c5a0d4015",
    "/asm/37-es2015.ea3ec9bded92ca0aca9e.js": "5b29bbf39340bcc09f9049fc742643fcaa0df289",
    "/asm/37-es5.ea3ec9bded92ca0aca9e.js": "aa5565c5c7138cf5a6d00ea1f1af4c31fb7999f5",
    "/asm/38-es2015.6e429ebcb4f4ebfc22c0.js": "500dfdeedb258ac04d40dba3016530d28453d70b",
    "/asm/38-es5.6e429ebcb4f4ebfc22c0.js": "4cc685b1644fa4f65f5a77ae92286a3f96ee8b57",
    "/asm/39-es2015.7a912aa2218326ef00d4.js": "0aba2ef1e61c449ecad292ebb47a6d67f6e2ba8b",
    "/asm/39-es5.7a912aa2218326ef00d4.js": "718c68340309b9b97ad15426289184670be0cb72",
    "/asm/40-es2015.3178b67226fdf786f205.js": "4a0039a3181d6477dcd4a2eef4f5a3c5851ac6be",
    "/asm/40-es5.3178b67226fdf786f205.js": "91e1b196e5accfb01db3599e703db5436f024601",
    "/asm/41-es2015.3ba16c48792a3afbffcb.js": "e7c73b2f6ba404b529c7f318c775a60b9685b99a",
    "/asm/41-es5.3ba16c48792a3afbffcb.js": "641ad9aac11d7e32c7a1caef7dbc895917616385",
    "/asm/42-es2015.29de54afc39f49e7f33a.js": "64d83b95f104d8e653b418f5389a565d864af824",
    "/asm/42-es5.29de54afc39f49e7f33a.js": "1c139206d75fc07e888bafcc0fb222c6415ef29d",
    "/asm/43-es2015.c8dfc05ba4c60e71bde6.js": "aeacff35bbd3a2c54b78bd4c32108e6db2d369d4",
    "/asm/43-es5.c8dfc05ba4c60e71bde6.js": "b88f7d8dc89e7032cb714f018a2f57e091336794",
    "/asm/44-es2015.d91356d2022c5b2735ba.js": "5124d3dd6a1f3b61f153c40220dc35b0637fb580",
    "/asm/44-es5.d91356d2022c5b2735ba.js": "b04dd30e9abb05e8dfaa88f900e0f7b937b3bde0",
    "/asm/45-es2015.45a3f0ab35f2df638aa7.js": "e4a2b03f47a4b60e770b6641c4de3021cbf3c6a5",
    "/asm/45-es5.45a3f0ab35f2df638aa7.js": "4231084dabe6048027122d6216070fb466bb7fa5",
    "/asm/46-es2015.10ee5bac71d89e02a5b0.js": "50b94ff688d1f32eaaf118a7f706628cbdbd3ce7",
    "/asm/46-es5.10ee5bac71d89e02a5b0.js": "602728a3d495d423a5c0f964900f7a2c55279e1e",
    "/asm/47-es2015.fbd1a9423bb2361cd476.js": "58f82d9cc74b32d95edc8831db0cc33dfbd0c42c",
    "/asm/47-es5.fbd1a9423bb2361cd476.js": "088957d9152ab61c5c6f090f1aefbb48d7b6ff98",
    "/asm/48-es2015.705bceeebc389e810c97.js": "7fe3653c338fa31117727751bd94f1cdcfe9454d",
    "/asm/48-es5.705bceeebc389e810c97.js": "798899972c2d47381da341146033d43a484a8fa1",
    "/asm/49-es2015.c7c5b3b259bbb464cf1e.js": "4f35d13c1b66364958c888346435f72c67978f29",
    "/asm/49-es5.c7c5b3b259bbb464cf1e.js": "83170c5ea3e873c5139622e9f78ffbad239575f9",
    "/asm/50-es2015.8fd4d960eee44edafbeb.js": "2614f35877bca68083fe0184ca96fb9f092a9b85",
    "/asm/50-es5.8fd4d960eee44edafbeb.js": "3b87bfcc1725a0cfa7e8ac0bdd6735650b100087",
    "/asm/51-es2015.7b6210f8f0d8a16d373f.js": "7769ced5022604c55684eff209aa2623ac749130",
    "/asm/51-es5.7b6210f8f0d8a16d373f.js": "bd388a69f536490247b86619362e3942a5e23a83",
    "/asm/52-es2015.79d7bf4cf7e8c6f6e31b.js": "65ed385224bdcfc90ef3949e79221341df31b0b6",
    "/asm/52-es5.79d7bf4cf7e8c6f6e31b.js": "a675f79546d81442d1b8bb1e1a127f701fb9d380",
    "/asm/53-es2015.863d631ada627923b8c3.js": "41b64223910b094e6bebd774861effe9c88926e1",
    "/asm/53-es5.863d631ada627923b8c3.js": "a21985a13a20e2cd070694ad036d5547005650f3",
    "/asm/54-es2015.cd43636ac66a7c1a4e13.js": "326d12e97e7a8b3cc8d9d18e2ece5553d730bfe7",
    "/asm/54-es5.cd43636ac66a7c1a4e13.js": "d4580fbc143b38b9cf5ff1f0e53560db387360ff",
    "/asm/55-es2015.827c2c036ceaab7abad8.js": "050fc6480e86f50ddcf771c9fd8228f34c3a8581",
    "/asm/55-es5.827c2c036ceaab7abad8.js": "919ef1a7f5ab577d4ae9e721bb858112ae8f32af",
    "/asm/56-es2015.5aff141e87a0ea2d54f7.js": "c6b51b2805e4ae0b58156f39d910c17871b0f197",
    "/asm/56-es5.5aff141e87a0ea2d54f7.js": "8db7b3df6b53e38578f59ac9947389a276778ea0",
    "/asm/57-es2015.580e3b7a950f9f86f21c.js": "dd96c31d47055e35f010683edea6a9a78324989d",
    "/asm/57-es5.580e3b7a950f9f86f21c.js": "6fb9f0c992134c07614eb3cdf74f1b6cbd6049f2",
    "/asm/58-es2015.06e4594de7aa07e899ff.js": "ec2997fcdf3ae6338a20c36b7872e30495edf458",
    "/asm/58-es5.06e4594de7aa07e899ff.js": "43db329932062c3d61057b29dcd9d162050ace27",
    "/asm/59-es2015.3cff69ac2539d5b942e2.js": "9a1f2a3bfe5bf1711ec9e40d1e1cf0418bd55054",
    "/asm/59-es5.3cff69ac2539d5b942e2.js": "471f4dc21c01f0e8144b9dddec2ee07cfe54db94",
    "/asm/60-es2015.25edad4be9cf94d639e4.js": "246016038c4d51277c14653880143117bff24666",
    "/asm/60-es5.25edad4be9cf94d639e4.js": "d2cd6aff33f19bb469cae2a7f516f289f8272482",
    "/asm/assets/icon/favicon.png": "7798b8e0eb61d7375c245af78bbf5c916932bf13",
    "/asm/assets/icons/a.png": "9879f5a8fe7edf7692cc144666d7baf5f13c2b70",
    "/asm/assets/icons/b.png": "73e31746e42cb0ac11d9b7f61aeb845f2f094ad3",
    "/asm/assets/icons/h.png": "f1e9bb0ec2442f648e91f09a450a9b6d200ea4ae",
    "/asm/assets/icons/icon-128x128.png": "dae3b6ed49bdaf4327b92531d4b5b4a5d30c7532",
    "/asm/assets/icons/icon-144x144.png": "b0bd89982e08f9bd2b642928f5391915b74799a7",
    "/asm/assets/icons/icon-152x152.png": "7479a9477815dfd9668d60f8b3b2fba709b91310",
    "/asm/assets/icons/icon-192x192.png": "1abd80d431a237a853ce38147d8c63752f10933b",
    "/asm/assets/icons/icon-384x384.png": "329749cd6393768d3131ed6304c136b1ca05f2fd",
    "/asm/assets/icons/icon-512x512.png": "559d9c4318b45a1f2b10596bbb4c960fe521dbcc",
    "/asm/assets/icons/icon-72x72.png": "c457e56089a36952cd67156f9996bc4ce54a5ed9",
    "/asm/assets/icons/icon-96x96.png": "3914125a4b445bf111c5627875fc190f560daa41",
    "/asm/assets/icons/l.png": "e10f23865b04ffb46f33bd8ddb3d0d7674d98e17",
    "/asm/assets/shapes.svg": "5413e95adabcb2cb639970051f55e0ddb64ace53",
    "/asm/common-es2015.f63ff16195aa00d9f862.js": "a3b28a691bb74d68f3d1270921e1f815d60aca8b",
    "/asm/common-es5.f63ff16195aa00d9f862.js": "a89a8b4570903be345423f6bd0e81fab87166da3",
    "/asm/index.html": "5922f3258ba3a42ac42b129dfc7426ed84d4c60e",
    "/asm/main-es2015.92ad0275aaeb8ee12a0c.js": "13c6afb7ce6ca5ec1b96526ffe60ba349af32ce3",
    "/asm/main-es5.92ad0275aaeb8ee12a0c.js": "5960debe8d84059a17e359298d9cc36fa37f01bc",
    "/asm/manifest.webmanifest": "f3984ca2e7a28a09dd0cdc96800f597b46bd53c8",
    "/asm/polyfills-core-js-es2015.57ca9964362540a3e353.js": "fba75d9614cf71c697872864de29300d37dee884",
    "/asm/polyfills-core-js-es5.57ca9964362540a3e353.js": "22cda14fc0678c7709d554b67b269b894c074125",
    "/asm/polyfills-css-shim-es2015.da29d60f3949e5bb5d8a.js": "0a6a6b7d440daf2186bec7594acc87e3f43ec821",
    "/asm/polyfills-css-shim-es5.da29d60f3949e5bb5d8a.js": "af3eb43af25ad10e9b9cf5486b3f51f10ddf8e72",
    "/asm/polyfills-dom-es2015.657d29c8769393eee942.js": "2bef46d5f0ddc031f067322b70a0fd91199af066",
    "/asm/polyfills-dom-es5.657d29c8769393eee942.js": "2bef46d5f0ddc031f067322b70a0fd91199af066",
    "/asm/polyfills-es2015.478e30a3dd1dcad3a42f.js": "0fdcbbc700203334d567f7dc6bd795b6a50e1521",
    "/asm/polyfills-es5.fb242a78ce1318390cbc.js": "0895b2d22e9c3e9ce5ea8e78644ad78d3c5f8a2b",
    "/asm/runtime-es2015.f5d8f90e233ec76b0112.js": "0f43467c6b6daf2549fd1f4ec05e07589471edd0",
    "/asm/runtime-es5.f5d8f90e233ec76b0112.js": "a987d2f8ce6be27fac89edc026ff1be3318bb392",
    "/asm/styles.be2091a233fd6b3fa912.css": "431d005a759f7939216973d0e3b326a613e215fe"
  },
  "navigationUrls": [
    {
      "positive": true,
      "regex": "^\\/.*$"
    },
    {
      "positive": false,
      "regex": "^\\/(?:.+\\/)?[^/]*\\.[^/]*$"
    },
    {
      "positive": false,
      "regex": "^\\/(?:.+\\/)?[^/]*__[^/]*$"
    },
    {
      "positive": false,
      "regex": "^\\/(?:.+\\/)?[^/]*__[^/]*\\/.*$"
    }
  ]
}